1,Gemma,37.034042,29.308752,73.83645,80.86529,42.18227
2,Kelsey,54.26955,53.15689,41.654858,65.80716,35.589638
3,Hattie,44.524372,42.624588,89.05786,30.067211,16.223557
4,Scarlett,58.247738,56.52455,32.23225,98.35093,80.99057
5,Adley,39.99114,34.642044,67.81635,86.11782,85.214714
6,Jocelyn,22.59177,33.015347,56.716747,58.81263,53.538036
7,Lela,35.38121,38.915047,7.073725,55.120083,19.747955
8,Noella,54.444744,54.183174,31.628616,40.72433,49.218052
9,Bella,29.656298,50.635605,29.818783,30.13223,98.0195
10,Areli,34.507977,52.46734,80.60964,32.41784,97.91458
11,River,41.579002,30.724604,30.338383,72.35324,29.15323
12,Monica,49.1442,20.539795,5.5807366,34.018673,86.61575
13,Paityn,34.204895,17.969059,61.00069,52.302364,88.86057
14,Yamileth,49.161808,48.236626,84.56171,6.5551224,80.969604
15,Kayleigh,25.076403,10.237962,77.77997,48.892067,41.441048
16,Ellis,25.045763,32.84378,12.1156845,32.755554,49.92984
17,Cherish,59.922672,48.641758,58.164528,14.748621,31.058847
18,Leila,58.214813,46.227623,82.37782,30.77486,27.647127
19,Valeria,48.29493,44.932285,8.224737,68.793465,33.675583
20,Sofia,31.624731,18.653534,34.55239,94.97021,79.107
21,Navy,29.699224,32.083237,20.982084,93.82698,38.658524
22,Preslee,46.079506,12.970201,1.7887574,33.20799,9.318488
23,Diamond,34.822987,56.170162,14.111994,65.6265,24.073153
24,Rosemary,46.37371,47.745087,73.28468,73.26575,28.928682
25,Jazlyn,26.566149,19.800163,30.555098,31.088633,99.81221
26,Gabriella,24.760672,13.033345,79.05908,38.337627,13.157032
27,Ophelia,55.224174,12.3711405,15.876357,5.233031,9.829823
28,Molly,49.2171,35.56227,88.53906,62.95649,27.481762
29,Genevieve,21.449587,22.567768,12.028365,81.023445,11.059808
30,Naomi,50.64309,17.562702,3.4522374,88.394905,79.38695
31,Georgia,41.9695,27.098562,1.5673999,48.081062,16.338581
32,Zora,22.922668,29.338324,66.12595,87.12231,36.693085
33,Coco,21.071472,26.510578,48.950394,12.820026,87.49254
34,Marlow,23.608349,13.874875,3.3858442,53.820045,56.907593
35,Lindy,30.287287,31.45353,20.567095,54.106174,23.955805
36,Andie,36.81363,18.395472,86.42795,17.670979,58.78625
37,Fallon,59.7508,24.548775,18.338844,87.35992,43.982742
38,Laylah,37.599033,16.18942,56.02186,31.764822,98.37604
39,Nicole,29.47684,14.776771,5.1843204,1.803599,69.73491
40,Laila,54.945522,22.873524,4.154789,49.0904,95.50502
41,Kamryn,40.091717,20.841742,71.48905,49.276573,38.664726
42,Amy,36.27598,48.63989,85.98958,82.93172,58.971256
43,Jenesis,37.29824,37.891518,66.62787,17.393356,37.05974
44,Isabelle,38.29047,47.643463,27.544193,92.42537,75.275665
45,Kailyn,20.93043,21.418621,80.42793,63.913406,34.949657
46,Mikaela,41.05279,56.40266,39.833263,27.308046,51.448997
47,Cassie,37.515465,47.61502,59.003727,27.748577,18.202934
48,Eisley,26.45187,10.80754,26.390665,37.68876,39.762684
49,Miah,51.26287,47.53796,13.170384,63.89307,60.240387
50,Skai,26.589281,56.046757,58.596233,65.071144,26.442759
51,Promise,31.60405,55.258823,50.13617,0.46808428,8.865013
52,Ariella,29.543411,28.549128,60.01186,7.732954,34.847576
53,Ellie,58.95897,42.62739,61.786163,22.65759,76.47722
54,Emerie,27.137169,18.546413,95.940216,79.27672,86.49469
55,Riah,40.56731,53.905815,75.132484,41.24883,3.3356194
56,Giada,47.420357,28.289452,27.296633,46.03846,10.77596
57,Dorothy,45.28148,54.568565,0.36041918,60.55605,6.7826805
58,Emmi,53.08998,34.79813,28.274273,35.2246,96.059105
59,Aliyah,28.348696,21.251995,36.98889,65.41345,29.904861
60,Kinsley,28.02685,12.371945,71.45053,85.3094,30.482094
61,Sienna,50.942192,44.55268,52.673344,59.909092,97.44349
62,Sharon,37.66135,42.70942,31.911575,45.110374,17.888428
63,Millie,47.396305,16.908909,64.179985,69.198235,8.765407
64,Eowyn,43.019566,46.938427,52.90535,34.592598,61.063328
65,Nova,36.904247,13.932845,22.794992,1.8358126,31.721506
66,Delilah,53.63642,53.091988,85.86907,54.144363,36.10955
67,Ariel,28.862707,44.0054,27.0853,61.36053,51.34728
68,Jada,58.0008,41.611942,77.55627,15.771477,34.447487
69,Annaliese,43.50967,28.957558,11.453644,19.990349,98.07632
70,Jianna,57.444786,46.094032,19.734713,23.289974,88.90966
71,Shiloh,24.286325,34.718636,7.1082544,30.154028,27.616013
72,Yasmina,45.22508,57.380775,55.629364,23.925714,83.914665
73,Leylani,41.529957,59.06236,74.977196,40.542576,92.2727
74,Emersyn,47.377865,10.036392,82.6853,61.508373,49.177498
75,Eileen,32.207626,35.957584,4.0994577,32.325573,15.729108
76,Charley,43.112373,27.070541,12.137132,96.85745,89.30958
77,Joyce,52.263863,57.738388,43.678024,96.78485,34.188625
78,Myra,37.854942,37.782513,79.81875,28.108683,63.049145
79,Alaya,52.76166,38.76284,27.68609,45.964,4.808753
80,Kataleya,26.56977,23.452318,8.465382,90.73796,15.132589
81,Karina,45.171093,51.369606,90.52967,8.691177,61.463963
82,Kaylani,21.937027,10.451102,71.874374,14.575998,34.821487
83,Kayla,46.65045,36.31331,89.74313,51.276424,90.61754
84,Addalyn,43.95429,15.672402,54.620857,11.562818,86.12751
85,Elora,40.656563,51.78163,81.63187,64.081535,28.457924
86,Ainsley,32.270607,55.83191,97.822426,67.646866,30.598145
87,Maeve,42.24686,17.060017,67.209625,9.83948,58.95684
88,Ivy,44.450848,34.098793,26.76314,51.795628,43.624466
89,Paislee,24.345037,27.58177,41.564884,10.268539,57.82678
90,Zaniya,31.976597,18.268211,57.27908,61.9816,77.527435
91,Bonnie,40.260605,15.485776,98.239265,48.385925,27.171928
92,Autumn,24.016413,27.674482,61.187794,57.972538,78.15966
93,Adella,40.645435,21.639803,8.964428,76.937096,76.011215
94,Juno,50.066086,26.920183,9.915458,69.759964,32.629063
95,Amaia,24.4374,40.43353,3.667584,70.57156,87.57741
96,Adrienne,48.877842,20.54948,75.96315,42.16945,78.05498
97,Lindsey,22.453606,46.98143,40.910744,73.28147,3.9403625
98,Isabella,54.27257,43.631245,55.71161,54.251213,90.08718
99,Calista,52.886055,25.035666,76.0792,32.27976,62.86401
100,Karla,44.96153,52.395615,43.432983,47.893623,90.963776
101,Leia,21.105982,10.609621,32.590862,22.539639,21.017738
102,Regina,46.4476,11.116668,79.55245,56.41799,20.680817
103,Miriam,40.242546,31.967983,33.66926,52.929028,44.275322
104,Edith,22.194351,50.244377,59.358574,14.320818,83.68426
105,Selena,39.272827,12.220184,14.770181,71.45604,95.664734
106,Zoey,31.063488,57.44965,16.931446,1.6316823,77.61341
107,Kendra,20.599007,19.313107,55.201572,11.670313,62.963295
108,Jorja,34.579494,17.50315,8.620229,5.7080593,83.41961
109,Emilee,44.1357,41.431202,16.102205,17.81544,86.281845
110,Briseis,35.37629,50.660122,22.397902,87.74417,74.15787
111,Layla,46.177883,47.122887,62.896416,36.43765,46.78261
112,Leyla,51.284626,11.606532,38.83755,16.544025,98.933914
113,Lennon,42.490723,49.24357,56.893223,80.11549,27.64629
114,Madison,59.44355,59.537594,95.71303,79.967834,10.580002
115,Elise,48.853638,42.628853,24.653011,61.318615,12.253048
116,Collins,21.806353,42.095875,7.395067,70.49258,66.16654
117,Rachel,23.662317,42.39599,46.96661,17.83156,39.49157
118,Maycie,20.765997,24.143764,50.358677,92.28658,31.008041
119,Evelina,45.277767,29.303581,93.290344,39.406563,78.46692
120,Remy,46.27968,16.184647,33.61764,57.79055,80.463165
121,Elizabeth,27.616983,29.8417,8.192922,99.67622,10.745602
122,Alison,34.80883,41.313046,11.548723,71.947136,65.26522
123,Presley,21.089678,34.274662,44.827072,99.18104,37.63419
124,Julia,57.563137,32.462982,22.341352,18.416918,74.67475
125,Luisa,34.93116,36.01404,24.694302,96.02873,40.337994
126,Gracie,33.81806,43.872974,4.9733553,51.774403,12.080734
127,Eliora,41.46387,10.085499,8.354916,53.043007,28.616762
128,Emma,27.09275,16.7407,38.388622,29.267202,48.778214
129,Aleyah,47.51402,44.289413,91.31498,98.86147,24.877945
130,Naveah,33.311398,11.722347,79.51875,70.53375,3.1223564
131,Marleigh,27.36691,36.939884,86.47525,94.99386,18.186682
132,Celine,52.90786,21.613924,48.22273,74.56257,60.68903
133,Roxanne,37.252754,48.825275,32.448994,62.62598,88.56768
134,Mylee,47.04749,53.015495,76.987755,29.755655,28.979591
135,Effie,28.415071,28.75312,86.90691,18.292173,41.280155
136,Ada,44.38397,28.94353,5.1553183,37.081863,33.87713
137,Marlen,23.476406,12.933519,92.53353,30.610807,80.84169
138,Clara,29.5972,52.009487,37.829166,14.131408,20.962381
139,Rebekah,30.152782,43.290077,43.906376,57.847263,65.39615
140,Ayana,34.50941,15.124934,71.25354,14.0035515,9.880296
141,Violet,21.435564,45.44982,68.950455,43.299267,62.74481
142,Kyla,40.37355,34.714584,84.236664,5.926612,32.207302
143,Carol,21.657902,59.414417,30.629477,6.1626897,29.195185
144,Sariya,48.233177,43.194508,65.17495,92.434814,33.039646
145,Esme,31.843939,57.882015,39.281223,91.47485,92.933876
146,Saige,55.80463,56.011604,26.08322,99.86078,99.04671
147,Norah,26.430677,27.711084,75.2096,91.992836,47.803143
148,Destiny,55.42307,13.937804,6.729391,21.056385,88.14456
149,Alina,41.530865,39.05583,27.456356,68.4267,79.352104
150,Reyna,22.387863,48.17666,64.03875,79.49593,74.78273
151,Diana,48.434402,41.212482,45.81501,8.50184,85.8966
152,Marley,54.29696,34.07074,46.395752,79.82584,11.334119
153,Kaylin,37.916576,35.944473,49.12761,6.5107255,5.3383574
154,Everlie,26.145302,25.824594,44.5332,83.49585,95.96007
155,Aubree,58.633766,24.962967,66.024216,34.942806,23.367064
156,Avianna,41.01115,50.856476,28.812431,88.62943,56.811222
157,Esmeralda,45.0235,32.27465,98.50403,26.624401,54.660786
158,Lilliana,41.0397,47.00245,5.180725,98.15813,43.89187
159,America,44.567696,31.937838,24.197367,3.08461,68.62283
160,Kaylie,55.837738,50.160225,20.726086,13.558824,96.179504
161,Skyla,30.125895,46.011494,88.06552,41.49789,73.340515
162,Wren,30.911713,29.226673,45.19739,25.289001,54.98968
163,Aaliyah,59.717968,24.43942,50.41233,11.900579,8.462381
164,June,40.443798,27.19676,99.846825,4.839939,67.05166
165,Ania,47.059036,18.49615,20.957647,44.276028,82.79852
166,Raven,56.93994,50.653687,98.07699,52.074974,61.455235
167,Royalty,37.745018,48.869247,13.325261,72.51159,33.172928
168,Lia,52.3011,24.53365,51.245037,49.387573,36.342587
169,Elsa,45.04245,20.231953,80.18451,36.615974,39.68019
170,Alena,51.008163,47.75707,17.851334,51.191082,94.405014
171,Livia,29.263044,47.149292,18.22974,35.299717,32.856243
172,Analiah,44.443115,21.15657,27.811388,46.827293,69.13561
173,Yara,40.158123,36.934853,70.6218,9.398117,50.937023
174,Kambree,37.30085,56.908882,4.0936513,9.251362,27.52973
175,Averie,38.85489,30.637121,44.94296,45.077457,82.85955
176,Khaleesi,40.179203,27.263807,75.81574,52.201534,28.727417
177,Bridget,30.271053,26.348442,42.176403,62.313297,65.46869
178,Karlie,45.48083,20.459879,19.398952,61.48348,42.41724
179,Zoie,43.014404,59.93935,97.469696,88.61808,94.55525
180,Raquel,46.81561,20.155518,28.555006,13.991162,7.910407
181,Rita,40.624165,57.75051,0.47214225,56.579,72.555305
182,Callie,53.190186,46.144268,18.96883,75.965935,88.35168
183,Rhyan,39.661785,31.198362,22.632103,89.86143,55.639896
184,Zoya,32.249023,19.891773,28.491096,39.758343,11.709256
185,Janae,50.066654,18.880745,15.832769,70.57469,91.33347
186,Daphne,36.164005,18.623257,73.495804,39.89191,12.0996
187,Ryleigh,50.527336,49.005135,47.63011,36.02614,32.221985
188,Jessie,54.47813,13.50314,20.897175,83.85805,74.24845
189,Kenzley,57.163048,54.2328,49.3816,72.684456,34.79331
190,Sawyer,55.753624,52.050537,13.106127,73.09657,69.367546
191,Caroline,49.927444,46.317165,13.083413,86.93631,1.1433052
192,Reese,44.082684,54.633823,40.02867,55.520172,13.368928
193,Jenna,42.702187,24.906708,87.47974,51.978645,73.65323
194,Trinity,31.61615,16.99229,55.519962,34.363213,33.314537
195,Savannah,28.387253,31.106457,68.306526,33.109936,99.28702
196,Leighton,40.428482,45.678253,3.6478336,3.5270886,55.820778
197,Martha,58.38576,19.201694,49.33246,13.673335,99.04422
198,Liviana,25.435293,21.494778,63.84671,21.217848,42.548946
199,Khloe,42.113285,54.997807,40.868294,63.38103,54.73677
200,Perry,32.600277,49.51152,76.98454,57.913788,12.146956
201,Catalina,48.734314,17.347582,75.074036,46.436333,28.575552
202,Shelby,41.247074,24.304596,37.20783,89.28565,90.99615
203,Angel,49.977814,14.885123,33.98932,86.14378,93.42332
204,Colleen,27.537296,28.425556,41.442528,34.91578,65.22504
205,Marilyn,41.079376,54.081367,73.2908,21.582783,10.609712
206,Isla,41.894463,44.37016,25.535015,87.55074,90.10479
207,Charlotte,37.433113,10.840456,78.62782,43.21408,39.40454
208,Micah,52.345688,59.827663,79.86954,67.502365,79.3079
209,Lillyana,46.46345,40.194794,32.239277,4.0048237,57.99926
210,Nicolle,37.54339,32.071903,13.280882,44.815914,22.275436
211,Lola,28.999924,12.065477,60.613995,66.78277,36.30847
212,Veda,20.48687,22.215626,40.46322,89.89514,31.925478
213,Ciara,21.484928,54.60187,41.145924,66.293236,97.20654
214,Aya,59.14927,36.079372,28.85746,28.697922,20.916225
215,Whitney,50.727814,53.255276,25.40865,67.71865,57.586384
216,Destinee,56.946182,42.42613,83.87565,53.663124,41.724213
217,Rosalina,29.888529,25.559513,32.203133,53.254745,7.0637665
218,Brynn,22.384985,31.439718,58.27624,84.5648,53.469765
219,Carolina,57.12583,53.771233,2.8270473,63.37202,30.251299
220,Josslyn,51.54698,54.356583,83.68467,34.323246,72.93815
221,Xiomara,39.059437,55.03982,86.28421,8.1810055,46.208378
222,Amelia,53.369675,47.52979,91.591,5.4113,73.07332
223,Lillianna,36.646572,26.979136,43.204433,40.579746,73.149574
224,Celeste,27.519133,35.6595,78.51452,51.583668,34.81299
225,Marisol,23.023611,11.25139,23.133665,83.70934,0.5264495
226,Kelly,41.728626,47.00261,82.89016,15.156793,34.65845
227,Teagan,36.725468,49.2711,34.294548,86.868484,90.73023
228,London,44.458153,56.699455,77.11702,30.368805,88.43296
229,Reina,24.999071,52.754253,75.93113,45.43352,51.220264
230,Aria,56.11389,36.02712,25.225742,28.5937,31.626585
231,Ruth,29.563765,26.898052,0.23993747,47.358307,99.48908
232,Aurora,21.279709,52.940086,26.59201,5.6187153,29.975182
233,Anastasia,32.675247,23.518694,36.818657,5.4299316,49.71169
234,Amaria,48.37099,41.321636,76.49537,21.448128,2.3228178
235,Amaris,43.861732,53.820274,0.11239223,24.552923,9.806944
236,Mila,23.939835,43.404392,9.444747,23.91683,53.97973
237,Grecia,51.03418,33.91585,92.349625,69.27741,32.14526
238,Bianca,47.824886,36.73073,86.22522,76.58888,77.52456
239,Kashton,26.697483,20.361967,13.04318,20.906704,91.41103
240,Kynlee,40.577858,41.828465,69.51162,22.294872,99.41063
241,Skyler,34.208767,22.377872,57.04015,68.98384,23.343487
242,Azalea,32.262306,38.13564,64.108055,63.92205,74.29145
243,Karis,31.923325,27.35366,35.01828,75.18462,30.775925
244,Zara,26.416967,13.422645,49.025284,55.319115,32.60726
245,Briella,50.1779,11.61426,97.5163,59.589783,22.242502
246,Eliana,48.3432,52.798615,70.65994,3.917393,23.63399
247,Harmoni,20.375135,41.366055,99.75042,25.129063,12.205604
248,Nataly,41.272526,13.754686,53.787754,0.7687432,19.60111
249,Estella,25.395359,14.496852,6.7133226,90.537186,80.41487
250,Rosalynn,41.402412,36.170876,21.880573,47.219627,49.63099
251,Lesly,47.66092,34.20204,97.42545,87.30375,93.61886
252,Francesca,48.23083,46.507263,4.492353,10.188596,65.42217
253,Selah,47.266502,47.934525,68.450035,46.945404,96.07006
254,Nina,45.52829,20.351963,56.645275,4.588529,75.24516
255,Hadlee,48.929382,29.717485,39.227787,71.36802,86.498924
256,Sophie,21.560183,31.026098,53.825523,0.56431127,42.61746
257,Kavya,34.06931,33.4885,61.99567,98.24755,17.159992
258,Vienna,57.237114,18.870369,22.391933,61.344006,96.56765
259,Rosie,49.18048,49.359386,13.688673,73.354546,84.18152
260,Olive,23.279947,48.52329,48.612267,7.0973854,48.865208
261,Caylee,41.11714,59.706875,90.769455,58.42616,6.3115745
262,Kaira,24.559303,19.236507,22.504797,82.36049,7.374865
263,Kaia,49.72764,39.31273,25.365173,86.79049,71.17569
264,Lina,23.883204,35.94807,36.84234,88.58792,10.524225
265,Avalee,26.150959,38.62492,21.277254,6.3436804,85.280556
266,Quinn,53.940784,36.17229,37.950375,95.189835,29.896523
267,Desiree,35.785694,30.83645,44.222733,41.31634,16.734278
268,Joanna,49.59794,18.92389,83.92646,26.74192,17.302893
269,Amani,22.789938,29.248812,61.98496,67.827614,93.557076
270,Mckinley,50.17154,31.51414,44.1569,33.72762,48.270515
271,Harper,34.332607,57.616974,35.132042,58.539036,60.798515
272,Lana,50.869213,11.417975,53.62061,17.412283,51.190323
273,Charlee,35.933044,10.321645,3.6396346,72.859215,55.799297
274,Mabel,42.428886,28.605343,80.87158,42.093967,45.571438
275,Adalind,37.69143,32.31783,39.8302,25.38564,22.04302
276,Sariah,52.023975,22.120556,78.823715,8.494466,8.143021
277,Janessa,22.398693,40.570335,68.07822,81.88031,13.513298
278,Demi,45.778378,40.372368,30.492325,35.539032,13.349141
279,Queen,51.164837,19.369204,38.442284,41.22548,72.932304
280,Pepper,32.080708,29.47956,86.75219,85.91903,92.189926
281,Heaven,25.013714,29.374537,12.808227,21.532598,97.85332
282,Deborah,26.975847,28.962729,11.238522,49.11925,24.489313
283,Jessica,27.741537,27.937923,90.84679,12.037756,32.76118
284,Nevaeh,52.33021,26.82301,39.885418,52.146297,75.57621
285,Margot,22.4297,51.75434,70.33322,61.568115,60.60216
286,Heather,41.05311,50.729248,77.75206,47.083252,41.668457
287,Skye,45.293728,52.2159,91.448235,17.53428,63.77027
288,Eden,27.673712,57.05441,26.974798,87.70281,12.416799
289,Nancy,20.276056,22.547573,1.2847736,6.674965,58.58594
290,Vivian,33.97467,22.489706,43.21412,12.746869,49.961716
291,Kamiya,29.571669,10.39121,76.44333,35.452644,24.221582
292,Juniper,40.703304,57.59775,56.633137,72.583855,94.76083
293,Della,29.48781,29.47257,87.82995,42.409527,22.679197
294,Anayah,21.817465,44.186424,72.40045,39.560387,31.803167
295,Sunny,44.6193,49.23981,60.09291,11.924822,77.08113
296,Everly,50.6401,19.744267,18.70862,0.63979477,65.967674
297,Emani,23.217659,27.11707,13.461151,45.62303,31.470604
298,Mae,54.858284,13.66225,84.17475,91.58376,25.979628
299,Hailey,57.7702,53.566807,80.52709,11.271076,84.76562
300,Arella,30.934149,52.700333,78.45284,7.811621,7.0803957
301,Thea,33.573463,44.505177,79.91401,93.54449,12.904546
302,Sariyah,46.949863,10.591249,77.11825,35.49269,12.659686
303,Giovanna,30.191132,30.123024,68.6013,46.77555,20.204737
304,Zuri,53.20334,27.227325,89.62338,68.2395,24.212345
305,Payton,23.229555,36.0938,1.9535921,96.20469,50.54476
306,Felicity,55.39355,13.059271,8.25652,5.794397,57.58647
307,Kehlani,43.514,59.11021,35.76338,49.39833,51.147728
308,Tinsley,58.715576,11.822594,81.041245,0.570343,19.15357
309,Madeleine,35.783558,59.750492,85.43726,75.111465,77.02582
310,Brenna,54.431435,48.585926,75.60246,58.210888,30.171858
311,Talia,51.68755,27.213816,3.3236122,43.881096,56.085827
312,Anabella,57.416164,17.505127,40.421085,96.79214,96.17094
313,Katia,24.068419,35.97564,36.250237,17.489393,16.905386
314,Rosalind,41.98605,11.327414,66.65644,80.839966,92.84423
315,Kate,43.86756,15.606544,79.53211,52.998272,84.21457
316,Lindsay,31.662407,34.363304,34.163853,84.49646,13.104055
317,Aviana,39.914173,12.968365,90.67977,13.253938,15.17021
318,Siri,51.690483,30.675457,38.222095,79.81643,40.700005
319,Aviva,27.760988,24.58572,33.58745,59.422615,36.488773
320,Amia,21.575943,38.20066,5.12806,66.2023,9.518316
321,Greer,54.854923,27.113811,35.177658,23.35203,90.34096
322,Lexi,41.835907,49.89666,46.511562,96.76108,74.73495
323,Keyla,20.931255,19.756546,93.46882,60.562946,43.32059
324,Aminah,24.284023,53.763992,72.01799,48.656044,65.297516
325,Melody,55.177704,32.72779,13.431221,45.644554,59.93906
326,Fiona,54.800007,17.761486,43.15339,10.43184,21.10865
327,Emmie,45.1705,16.849072,56.350876,83.71799,22.513002
328,Remi,32.3485,19.833122,67.15889,1.6032318,50.945164
329,Amora,38.82287,34.871197,55.953407,11.101323,20.029177
330,Harmony,52.978104,25.806692,74.20162,90.098885,84.09886
331,Finley,51.001022,48.323227,43.57444,93.34034,81.01146
332,Hadassah,41.800053,13.264582,33.570946,52.41374,56.356598
333,Gwendolyn,21.964287,52.72934,12.374902,18.526867,30.925632
334,Emmarie,31.940523,47.650806,87.44231,55.603645,76.028305
335,Remington,49.56278,13.257315,28.482351,92.77311,68.67715
336,Jordynn,25.932642,52.558804,46.664967,69.11513,74.880554
337,Emery,21.862888,33.553463,74.10173,82.068855,27.636366
338,Soraya,56.420795,43.186134,91.12816,69.73879,64.97213
339,Jovie,28.818941,16.234495,0.6060874,8.659799,8.361688
340,Laylani,28.336023,14.318404,63.631226,53.680653,74.049965
341,Ariana,52.970352,13.098146,51.723408,78.10062,86.4771
342,Rayne,30.043694,44.598087,49.47013,84.18164,23.162264
343,Aitana,52.369255,47.496567,56.756405,3.3543043,72.47681
344,Nailah,27.730024,52.013706,73.062546,68.09044,79.35289
345,Valentina,56.42111,16.996683,45.564137,5.0521126,63.43561
346,Adaline,22.753906,11.6327505,7.399109,84.43774,38.721058
347,Ashlyn,48.269886,57.563717,32.174576,34.85096,87.92086
348,Skylar,55.632282,50.127632,2.803067,81.34182,13.819633
349,Andrea,56.937313,31.624617,82.93285,3.8029945,72.59181
350,Sadie,59.410297,10.600611,8.459214,35.062332,11.290074
351,Delia,51.234505,40.134983,45.492245,68.57888,67.247406
352,Karleigh,40.490646,46.049885,79.66898,34.65775,2.4105105
353,Emmalyn,27.463085,35.54602,7.81437,59.950184,53.875988
354,Alexa,30.41537,51.96169,24.230213,26.631449,94.14121
355,Avah,31.749275,49.87757,14.545904,91.90413,92.67366
356,Sarah,27.934124,24.935957,75.811966,26.410841,58.839203
357,Valerie,40.88427,26.46525,92.02929,93.11732,6.5239625
358,Maliyah,21.164589,53.37413,51.314297,30.34667,25.13999
359,Adrianna,31.37239,40.422035,0.8598669,4.140026,88.85735
360,Alejandra,28.375254,16.943443,76.74876,28.24615,27.200468
361,Jewel,48.339348,41.777626,25.873045,97.83372,5.1247263
362,Iris,37.04008,14.92551,45.987984,46.16183,98.91366
363,Seraphina,23.91871,48.463146,36.015015,93.931244,73.21506
364,Willow,22.382143,31.00829,20.52156,69.80266,25.6838
365,Ryan,47.343327,53.359207,18.127573,32.68114,53.32563
366,Emory,50.64444,34.698265,54.185436,57.10899,45.855774
367,Katherine,26.689663,29.284739,12.610502,7.6278915,87.8736
368,Annie,33.92442,31.335339,10.809132,14.571203,38.54659
369,Braylee,35.96613,47.13733,49.61049,38.34217,5.9230824
370,Londyn,42.952457,55.965984,7.2867155,14.624082,49.287197
371,Emerson,29.18798,25.290318,62.350952,48.80975,42.84542
372,Sasha,21.009201,31.135378,15.89126,90.230896,42.960182
373,Lilyana,46.49762,44.47489,50.331535,4.0598755,4.811027
374,Evalyn,52.89198,26.876694,50.883205,79.72939,69.19093
375,Tegan,37.937656,27.988916,28.95986,80.539024,64.532486
376,Blakely,27.812248,43.15126,76.16536,26.967604,85.69634
377,Alayna,33.000313,52.380405,30.029413,29.459387,91.01414
378,Natalia,59.80522,10.306573,5.3008056,31.239687,32.98991
379,Lilah,44.956158,38.788853,3.672452,91.78846,51.073795
380,Lyla,27.547804,18.639278,46.059856,71.743225,34.939827
381,Lizbeth,29.175533,39.668083,23.066328,80.46604,44.02771
382,Julie,34.155052,41.77378,90.65792,44.266956,24.275381
383,Danica,57.25468,18.953009,38.820442,39.87169,46.86421
384,Celina,30.673418,49.348473,99.7306,0.22054294,68.081924
385,Cataleya,23.41546,32.913486,52.7057,21.786814,89.11192
386,Joselyn,47.24458,44.555252,93.217316,71.730446,12.483481
387,Maylee,27.352915,24.863672,5.2322993,87.09342,33.735737
388,Carmen,57.379375,33.854126,95.08685,38.005577,16.996233
389,Kira,24.43065,44.478996,18.372288,81.89627,0.14881039
390,Rosalie,43.10202,48.77309,28.26853,93.85035,3.0349066
391,Raelynn,28.188925,40.461277,28.272043,8.451535,96.97465
392,Malaysia,33.414944,50.626225,84.912476,61.79109,31.629333
393,Sara,20.775335,27.843521,12.236979,19.760765,41.57463
394,Camila,33.27082,34.689972,24.986969,93.57018,57.5278
395,Ximena,25.403837,57.979218,41.28878,33.952553,9.838752
396,Kaylee,28.388369,47.93432,53.011395,26.717924,51.649418
397,Dalary,27.393072,11.599383,36.01502,72.077866,26.730284
398,Zahara,55.36925,14.91297,18.425556,23.922426,63.881485
399,Heidi,49.505558,50.492302,82.59757,34.74578,44.973923
400,Madelyn,46.133633,54.6078,72.44353,56.707405,46.18498
401,Anya,45.615154,55.491356,46.244774,6.50132,94.202126
402,Mia,49.24016,22.218119,80.79503,28.520267,67.98969
403,Raelyn,34.074562,49.8811,54.700462,13.945531,21.91063
404,Belle,28.866518,35.612118,22.84888,23.088015,62.25036
405,Kassidy,26.15565,17.125591,87.65605,84.89885,62.9686
406,Jazlynn,53.60549,18.350197,33.292484,15.272883,46.296326
407,Madeline,45.749004,35.05607,45.783516,2.7399166,10.660501
408,Aliana,40.49954,46.474262,57.653214,15.879573,6.7903543
409,Nola,58.492195,18.277514,62.269463,31.46784,81.54892
410,Emme,28.20211,19.320824,90.307655,73.09067,77.6312
411,Hana,55.17945,51.488655,33.935226,3.0024529,31.22236
412,Harley,23.037182,56.598637,68.707565,64.14105,7.7614293
413,Kora,47.78587,21.455097,75.893936,12.856071,85.52692
414,Elyse,39.747246,30.465952,99.44012,18.707829,63.028427
415,Jill,46.216785,23.456257,57.82771,89.84833,91.16082
416,Charleigh,47.61575,44.885544,89.99357,44.630047,95.554886
417,Bree,50.236443,10.115486,50.35491,76.43473,42.599216
418,Kenslee,26.04102,47.021317,57.627605,40.853657,17.653214
419,Winter,37.366364,48.88027,93.88219,4.7876916,55.584877
420,Mackenzie,48.214497,57.05107,56.410683,18.101343,8.1933775
421,Kennedi,37.52421,15.43313,71.04295,16.758333,6.6147194
422,Kaitlyn,39.160923,41.66126,54.93139,4.1121054,33.40793
423,Bryn,22.376276,12.83668,90.43121,42.660625,74.25039
424,Emmeline,30.916342,54.73442,13.18544,29.19931,68.53072
425,Avalynn,27.396288,57.975704,12.542434,63.803528,31.467491
426,Annalee,26.300858,55.941814,37.89084,44.955086,57.49322
427,Adelaide,44.50183,27.880129,15.593328,66.81785,32.231167
428,Kendall,39.484806,42.402355,63.45646,99.27929,94.08587
429,Denise,57.550278,32.715637,94.57924,92.654564,63.324707
430,Willa,42.511074,19.743803,86.05069,73.0482,73.78885
431,Clarissa,34.669094,35.30152,81.83385,90.449135,4.2529316
432,Arlette,37.56895,43.72739,46.78849,38.218605,41.272736
433,Elena,28.530201,57.534176,22.413055,18.871592,58.006
434,Karolina,28.356861,17.828083,4.6770897,45.354256,40.792755
435,Saylor,25.597292,59.705666,96.582794,63.317554,54.79097
436,Mikayla,46.411587,59.919395,77.23164,80.708435,98.413216
437,Amiyah,41.803555,51.546776,94.467636,0.18665674,43.365604
438,Zariyah,25.845427,57.57944,8.706747,92.64986,77.41885
439,Braelyn,52.601097,51.932163,53.206684,26.582975,28.436192
440,Brynlee,54.421364,49.76646,3.126033,32.2056,10.978797
441,Mckenzie,48.964523,43.766624,74.37669,93.46218,21.804636
442,Lily,42.612362,49.428368,71.917534,26.086714,48.686592
443,Joslyn,47.55478,20.765596,15.319163,73.13456,53.24536
444,Dulce,44.510258,37.82384,23.12986,39.43141,6.2976017
445,Flora,25.84208,22.628925,97.604195,32.27145,7.8677325
446,Devin,45.80129,56.538548,30.727213,33.44523,81.55234
447,Oaklynn,51.818523,31.162207,0.35205287,63.17518,6.608774
448,Lylah,26.674961,33.73173,89.69615,88.51985,33.070667
449,Ziva,41.84681,35.20097,10.424899,10.95458,34.725822
450,Jane,31.614159,26.363472,60.468533,48.77435,91.695786
451,Evalynn,23.862703,59.77259,41.967358,35.362034,19.909441
452,Alia,30.110538,12.187227,69.64865,57.037106,66.35572
453,Mira,37.844986,28.505241,8.310872,20.743404,71.18807
454,Suki,35.12766,23.829765,46.476357,64.65134,73.593254
455,Peyton,47.97914,28.67476,1.9106928,28.100449,75.721275
456,Nyla,47.23491,25.208881,75.307976,53.711792,70.22687
457,Cadence,59.75252,59.26728,86.01874,13.337867,79.675446
458,Clementine,34.2354,19.36858,59.37334,21.636452,90.04998
459,Aubriella,23.15824,18.073296,29.024605,16.030258,19.66532
460,Kinzley,57.441444,50.937466,11.500613,56.594566,92.3393
461,Sabrina,50.536644,29.13845,93.041336,79.62036,12.949484
462,Langston,36.99056,25.785423,55.279022,21.823528,42.595726
463,Kynslee,39.610554,11.686441,13.124214,41.356922,89.74922
464,Kristen,42.39808,58.1196,69.577614,88.33724,92.83864
465,Analia,46.45804,41.68616,86.08926,83.42991,36.981834
466,Kinsleigh,46.511375,21.081348,79.62519,21.979038,59.20382
467,Lila,28.53646,50.140793,96.74796,91.53929,71.60539
468,Bridie,26.715076,55.72054,3.0054095,8.291804,78.48587
469,Amalia,51.009995,10.443331,66.61915,20.690434,71.70979
470,Renee,53.572548,18.452116,15.798694,92.97004,69.63526
471,Maleah,47.96932,22.363756,64.552505,96.342514,53.155937
472,Julissa,44.28388,22.239496,18.254894,81.71296,20.90397
473,Paisleigh,59.87507,16.125828,62.146797,25.805876,70.44205
474,Rose,23.431826,26.544374,49.46993,6.005065,60.781185
475,Adilene,47.890816,12.711874,89.65501,50.012608,92.353935
476,Janiya,48.606487,41.64189,42.650845,10.117468,2.4845326
477,Emeli,24.050703,51.29792,80.97696,82.04218,68.913315
478,Lydia,47.401806,58.177433,4.097571,67.8162,86.58401
479,Avery,45.957146,26.294449,64.558754,8.85723,31.05967
480,Scarlette,38.249405,29.826813,12.707296,52.876778,49.335476
481,Coralynn,41.161648,41.96971,9.576797,29.688074,2.8482394
482,Marceline,37.741375,32.640064,90.80297,76.636505,89.582115
483,Anja,58.894714,42.122757,1.8987244,96.790504,71.04806
484,Giuliana,22.9838,11.593973,2.197863,62.14611,78.09153
485,Isis,44.241985,43.85933,89.35477,79.02696,43.95296
486,Dayanara,51.94452,19.60099,56.44061,42.253483,54.30445
487,Michaela,26.291433,34.86753,60.375935,27.272455,93.30695
488,Kenley,41.06732,29.090624,0.39417717,12.296223,57.173824
489,Ellison,38.235382,12.865929,87.329575,23.359837,52.273968
490,Gianna,47.43984,50.528587,74.017456,19.716953,52.655087
491,Gwenyth,46.842705,22.130192,73.2744,41.210842,67.4903
492,Ariyana,35.53764,50.794426,72.26174,6.515111,98.41078
493,Elsie,55.38211,49.35945,96.13023,1.7855718,56.745884
494,Kensley,36.26853,59.303967,60.667347,77.87656,61.834465
495,Amara,47.08285,35.08559,30.006754,60.14359,14.892538
496,Roselyn,24.692337,27.794363,11.677846,22.909277,71.18106
497,Kayley,22.811016,38.666317,8.192191,4.367795,6.667898
498,Emmalynn,43.28906,37.83785,97.02583,55.854816,55.005516
499,Lailah,43.065487,38.54919,17.82211,97.31095,75.64541
500,Rhea,48.5779,31.856075,23.663187,2.548087,95.854935
501,Aislinn,35.017284,14.888569,54.947674,30.00407,21.747843
502,Eloise,33.690464,54.881416,67.19028,89.31331,90.15522
503,Yael,22.007378,46.029045,11.845235,13.778725,97.64685
504,Jazmine,54.946896,26.387783,68.09024,91.30362,41.318012
505,Sofie,46.318676,51.655632,98.29251,99.79677,29.769686
506,Beatriz,21.721893,27.656155,89.14482,71.47853,44.372246
507,Janelle,20.47725,35.677498,82.80894,82.48009,28.38818
508,Deanna,28.341421,53.732895,67.30523,27.101963,15.962534
509,Adaleigh,45.94034,32.162693,9.253668,69.83179,80.08105
510,Zelda,56.37292,33.283115,5.471253,79.88851,11.009133
511,Saniyah,30.338142,48.14115,95.49984,91.6429,76.67726
512,Mary,29.235744,42.436134,18.807846,47.900978,25.089012
513,Hope,48.82879,45.030464,59.989067,95.91249,51.259686
514,Ember,48.367496,29.881645,65.6059,19.62827,97.7376
515,Princess,40.457325,29.97905,67.306274,80.49064,3.0334492
516,Kaiya,47.4385,47.500454,74.38935,88.810356,2.8170245
517,Kamilah,31.0146,22.0479,4.9258475,70.12394,13.425291
518,Genesis,35.570415,11.745383,7.4510684,78.78176,10.643358
519,Poppy,52.862354,56.22338,69.064766,23.14791,18.94955
520,Morgan,45.573616,51.193867,24.6549,44.36325,49.931137
521,Alanna,23.512959,49.752285,62.278667,76.159035,18.905533
522,Izabella,20.247248,42.891193,93.892876,93.25953,7.252788
523,Taya,37.16807,59.932175,34.23778,78.74682,98.25407
524,Camilla,40.689365,11.659962,93.264435,52.435818,4.819857
525,Marbella,45.797104,47.043938,14.393075,38.148468,93.2623
526,Julianna,50.48846,50.47891,86.39128,88.43139,57.730003
527,Alisson,42.661804,52.864586,2.3037746,35.51891,90.461044
528,Luna,24.268593,30.359383,44.59237,12.944907,54.608078
529,Saphira,50.944054,40.39309,5.29324,81.73764,97.641396
530,Sylvie,46.654095,57.459255,27.74281,94.40206,98.47549
531,Faith,52.155373,23.43804,17.220888,60.373043,46.620506
532,Sloan,47.22588,10.690879,74.867355,60.866352,59.01562
533,Leylah,55.228886,29.478205,8.469849,13.672482,75.13074
534,Josephine,40.68244,49.112297,36.49934,57.663982,11.214272
535,Lili,58.058453,58.72827,25.400118,65.56041,26.707531
536,Samiyah,59.78505,16.06048,56.740734,71.3651,7.5273485
537,Kensington,22.955294,12.455198,14.330036,89.05343,2.1331239
538,Sydney,51.365753,37.30444,65.30727,11.583937,91.178825
539,Brittany,51.64719,17.852806,94.23483,92.59395,57.93642
540,Daniella,40.703373,42.921513,10.022905,34.164154,40.106277
541,Chana,54.37639,45.57158,94.45704,20.855461,17.543375
542,Baylee,26.38216,34.0514,17.05789,74.119545,88.870674
543,Viviana,43.7061,47.041492,26.000172,39.890713,45.195293
544,Bellamy,23.459738,59.25233,3.620461,12.157576,46.644516
545,Angelina,21.122522,55.835575,87.76142,30.84008,20.04209
546,Penny,40.678135,25.785318,67.47508,20.000544,94.89453
547,Alexandria,46.424236,59.965084,76.79994,80.515114,53.03887
548,Journee,50.20788,16.764877,99.1101,54.971,37.12747
549,Helen,59.536266,50.118652,44.14574,25.73957,93.26367
550,Taliah,52.896748,17.240013,21.08974,71.14602,8.1231165
551,Lizeth,24.312277,47.820763,64.40344,87.40281,39.91961
552,Marlie,38.938892,15.954089,40.068066,68.86701,73.528076
553,Coraline,34.57791,24.97109,70.70922,23.89084,66.018295
554,Ana,37.05744,33.025932,90.12742,84.42366,68.259026
555,Aliya,42.86002,58.875504,20.279915,11.374755,88.94753
556,Brinley,25.07263,48.77686,44.135735,52.93181,22.409246
557,Lara,22.692299,52.95902,25.357569,41.32605,16.632738
558,Carter,54.76866,24.350195,30.68701,23.771942,66.004005
559,Kassandra,39.784554,15.642225,9.531879,8.684422,6.4092064
560,Anaya,56.03155,30.89894,11.321824,65.17882,86.92304
561,Posie,37.55508,39.226177,19.0039,94.55978,47.54
562,Gracyn,57.705086,50.786827,49.056446,55.485737,31.691784
563,Rylynn,42.969357,21.874712,60.59186,71.95335,42.595757
564,Milan,23.466253,37.855114,87.34847,42.747055,62.32456
565,Kaelynn,57.252098,38.075672,77.60649,44.26896,78.78634
566,Brooke,54.034534,41.614925,77.156555,46.84722,53.45
567,Athena,28.902035,40.84682,70.91197,50.194435,98.49081
568,Anabelle,21.333664,44.388844,96.18123,69.59294,95.199394
569,Rylan,37.98606,57.751522,2.7836688,51.89004,22.925081
570,Mavis,59.020382,34.51791,10.980513,22.512356,96.62942
571,Rayna,54.671547,15.633343,71.402565,65.6866,78.98917
572,Leigha,45.169434,50.52053,2.8823416,19.924088,65.663086
573,Shay,25.897175,55.471874,13.974664,62.255394,37.27616
574,Reeva,31.251612,11.89418,35.803307,87.45781,3.8546667
575,Ariadne,47.490253,20.710213,34.43428,91.92396,34.240482
576,Octavia,49.68953,32.318207,40.160786,17.406528,70.152565
577,Nia,58.30644,41.791992,41.192055,31.292368,54.702553
578,Kailee,35.34155,27.061954,68.85817,39.163162,58.368504
579,Alice,38.965298,43.123524,87.69572,79.01634,63.451202
580,Barbara,56.433895,39.343987,64.71576,87.135376,80.908424
581,Andi,55.015438,54.270794,20.074766,90.7879,82.60048
582,Karlee,20.397644,14.869091,92.89486,49.662178,95.73724
583,Amina,23.440802,29.636917,23.702358,81.78377,17.069986
584,Zoe,56.145435,24.280836,38.471405,24.951815,93.826485
585,Mylene,51.80706,58.589516,12.622132,80.54346,60.854595
586,Catherine,26.583355,57.266716,92.249725,96.98507,87.22637
587,Nathaly,43.944458,48.15988,58.307365,28.883165,1.9686052
588,Alaia,20.726683,34.017384,55.98227,43.77874,92.799934
589,Elliot,57.304768,34.159927,67.55208,86.745804,98.352516
590,Florence,21.781467,17.361742,0.3892094,44.67394,32.53878
591,Claudia,21.847687,24.427105,33.695595,22.985569,6.692883
592,Adalyn,27.084461,26.57807,87.759674,61.431614,13.986415
593,Hazel,42.937065,35.781494,72.242584,76.917145,75.75201
594,Liliana,53.663277,40.627796,55.019146,12.36093,92.411224
595,Salem,36.94255,27.791435,41.80847,32.03305,90.27951
596,Kasen,30.39958,51.81234,36.526997,72.67212,29.146893
597,Aurelia,40.50728,51.419945,36.522762,0.16412188,84.7784
598,Rowan,43.63902,21.818972,2.9279578,92.13935,32.243313
599,Everleigh,43.648266,24.313032,18.763538,27.301777,40.765385
600,Avi,31.004545,17.967733,89.331635,23.669222,45.341995
601,Cynthia,47.00197,22.205212,99.64923,37.310783,30.436918
602,Logan,23.071516,23.184193,84.568504,96.13698,84.64968
603,Joy,37.740395,15.978546,31.910007,18.754969,79.34873
604,Wendy,23.123981,50.71404,40.798573,2.350431,67.81421
605,Zinnia,42.83103,52.97503,20.5292,89.90667,7.9337516
606,Tenley,38.33458,26.757368,35.70808,53.29598,62.94491
607,Annalise,21.1104,24.466635,20.45818,64.55535,33.230694
608,Elleanna,23.827532,27.829996,33.551697,78.60065,9.5240135
609,Ariya,23.873413,53.240192,81.97152,1.4994735,1.6672713
610,Nya,33.916496,42.844296,95.911766,61.38224,11.51351
611,Dalia,58.059265,17.792088,25.000856,98.26381,5.965338
612,Rylie,25.23629,54.25941,57.179592,31.130941,75.13267
613,Bexley,43.6532,29.136126,62.23238,30.93432,26.343554
614,Claire,42.597904,46.48207,56.66437,47.209816,89.88248
615,Nayeli,28.851599,59.411037,37.947723,52.35105,95.13615
616,Adalynn,31.18398,11.349207,49.82133,0.628644,35.62156
617,Kadence,55.23797,39.74334,51.624573,21.596052,31.64899
618,Cecelia,30.851742,14.549043,91.75275,0.8017105,65.42254
619,Teresa,51.165768,42.563988,28.051443,46.54464,82.67905
620,Luciana,50.946217,23.330101,98.74787,4.5856276,56.563274
621,Rivka,25.868488,40.15479,35.279182,6.2529297,42.356712
622,Malani,53.68937,59.163094,73.33669,20.670765,9.617875
623,Elliana,57.36732,50.379677,74.74912,66.7909,29.613405
624,Elysia,35.852726,46.834938,85.93433,42.346756,19.41473
625,Evan,56.443214,30.24923,17.350626,90.00278,84.0101
626,Leela,32.02007,55.599277,55.350285,16.274933,75.245186
627,Jayla,51.380363,47.663277,14.178717,32.65645,32.98476
628,Arabella,45.337513,13.789106,28.585306,5.1867914,9.337128
629,Lillian,54.234257,34.832893,99.37025,10.961158,17.908945
630,Evelyn,21.14538,45.225292,41.455647,57.120934,49.89143
631,Raya,55.41084,30.015661,21.187794,53.392834,79.45501
632,Daleyza,40.44292,48.892895,24.437222,82.64675,50.966576
633,Zaniyah,35.726604,33.6173,5.1620846,11.7637615,20.194939
634,Malka,55.511818,41.34349,32.210155,98.89067,85.87101
635,Cali,40.519733,54.499847,47.721073,63.301994,50.642273
636,Delaney,46.946957,26.213003,48.910824,48.9308,81.96066
637,Leilani,45.360477,44.49553,54.42662,49.438236,2.980392
638,Cora,56.351467,49.836475,33.27366,50.070583,35.01424
639,Evelynn,22.77802,43.60872,83.61406,69.63521,42.42957
640,Austyn,42.252895,46.01872,11.085603,2.7578025,10.934124
641,Ila,25.876871,56.27128,12.564192,56.575237,85.46898
642,Luz,38.476337,18.63275,78.5589,77.88868,94.974495
643,Lillyanna,25.839703,59.566257,53.03687,87.95952,27.60071
644,Cambria,48.141342,26.251898,67.78138,18.004866,75.87637
645,Nora,20.171175,41.708984,93.713974,0.62439203,86.715515
646,Kenzie,56.05556,38.419285,79.702446,48.56487,57.960922
647,Jalyn,52.26099,10.998161,51.419567,45.609814,45.283085
648,Kailani,44.893578,40.86979,79.698395,31.144905,93.56503
649,Aarya,30.134962,50.36104,1.2692778,0.031722642,0.025921024
650,Miya,49.40196,16.62842,20.844309,32.729855,80.356285
651,Alisha,39.003124,39.162388,33.595463,25.54912,92.24159
652,Kamila,33.88167,57.131683,62.73733,19.987732,16.417944
653,Sonja,21.846178,56.531834,44.52313,25.287231,79.69426
654,Malayah,44.548626,31.505186,45.679733,33.131527,85.49842
655,Blair,52.0011,22.457542,96.528206,98.901245,6.0713587
656,Chaya,57.892254,20.722834,98.66511,61.774773,27.756207
657,Aliyana,42.166027,45.47113,45.846245,68.35871,18.125528
658,Natalie,59.897144,36.504482,12.775797,40.97593,33.603497
659,Kiera,57.552204,32.34613,97.40381,70.59178,13.094457
660,Mylah,55.47634,30.28511,67.88306,61.93921,37.961403
661,Eva,35.22782,45.70328,81.468414,46.617558,97.78012
662,Samaria,54.996304,42.535637,29.877378,99.39188,48.40624
663,Blake,49.37237,55.567448,43.25492,85.016045,20.590954
664,Eisabella,36.659035,58.922207,28.453362,66.93532,85.788826
665,Lumi,25.216057,39.890385,66.95398,10.681184,54.10347
666,Gracelyn,29.330606,25.417768,3.4941924,69.34212,80.06324
667,Leyna,27.198566,57.43214,69.474434,59.829456,80.730194
668,Allison,51.369923,14.620755,4.097378,50.343998,61.60709
669,Aniyah,31.47498,12.556393,51.04252,79.405594,48.735626
670,Zamira,25.686022,52.975063,80.992966,34.882664,8.05679
671,Christina,48.331345,30.317533,4.3976617,48.118446,27.70521
672,Mariyah,35.977055,21.990158,52.19585,20.906649,86.711426
673,Arya,54.291218,38.570126,48.946396,12.561416,94.8598
674,Tanya,48.657223,27.8202,82.384254,13.795069,89.76164
675,Margo,33.771492,53.78691,75.349464,43.529987,43.236855
676,Sophia,48.227493,44.55083,17.332676,8.550979,0.3687231
677,Katalina,44.145344,39.86869,1.1935756,17.144444,48.620827
678,Keilani,37.72425,21.130136,74.56168,48.14679,44.372604
679,Magnolia,44.338837,26.668215,80.47543,57.84062,68.78997
680,Serenity,48.577026,48.629234,81.021164,19.44932,80.92592
681,Freyja,56.055103,10.888955,30.394098,78.93243,71.99074
682,Zainab,43.28962,48.88083,70.58358,56.262848,35.688965
683,Nalani,33.02151,17.587347,75.51839,16.15381,18.1533
684,Bristol,32.986404,47.5498,21.412672,24.79647,44.736675
685,Adilynn,55.198338,13.774073,75.294235,68.33683,97.89008
686,Kai,46.892944,39.576145,47.449417,54.397873,30.612797
687,Estefania,29.98516,27.408733,56.11349,80.72509,83.47736
688,Felicia,24.153435,44.673164,65.94175,85.36729,80.2277
689,Maya,39.078228,28.24004,4.231726,61.864227,5.672905
690,Juliet,21.653353,36.00936,63.279766,5.530598,75.859314
691,Hanna,41.00552,17.454344,89.2963,50.076405,46.9387
692,Erika,58.52108,44.586452,29.18183,31.25196,31.11078
693,Dylan,36.062088,58.099163,35.477085,47.835724,72.48554
694,Cayley,54.082733,37.50252,45.14514,68.075645,25.649933
695,Liah,58.51662,38.715126,66.97288,9.420719,31.867823
696,Brielle,20.4405,48.452255,70.210335,54.710533,17.375347
697,Eleanore,28.100012,53.770363,84.60695,87.59972,62.372692
698,Analise,41.658306,47.508255,58.253086,21.025068,50.838627
699,Emilia,36.89186,46.120975,12.171289,30.654676,98.50876
700,Kairi,59.14632,38.157898,74.616035,28.455227,55.970543
701,Summer,28.747086,57.415222,35.741856,90.23148,92.434746
702,Iyla,43.13133,18.387674,78.338005,51.235645,35.169823
703,Hayden,27.414911,30.054436,91.086784,91.16241,58.007088
704,Zariya,25.285496,41.561764,95.08885,69.37769,93.91665
705,Eleanor,51.70423,52.535954,74.38123,10.688063,60.540085
706,Elina,32.571407,27.304844,54.002327,4.5863028,33.13133
707,Sandra,21.175123,12.275051,62.563473,6.474322,78.08272
708,Maddison,31.485107,33.54174,84.55967,81.53505,87.61853
709,Jayleen,42.458878,34.348843,2.4818065,36.6826,23.33745
710,Giovanni,54.739162,31.610283,75.17316,96.31631,80.27203
711,Rebecca,55.28085,46.106922,32.954643,76.88386,52.494354
712,Kristina,51.726486,28.636278,80.31534,75.325745,93.770454
713,Mercy,55.40708,47.994984,90.73882,27.131996,73.12719
714,Sutton,33.815125,44.90732,2.557055,79.54801,87.696365
715,Lucia,51.459213,17.090525,84.68626,43.172234,59.750423
716,Ariadna,37.34746,51.19286,40.359737,64.565636,68.74526
717,Micaela,34.06874,35.084698,44.0023,99.2089,98.25918
718,Lisa,20.211786,27.43159,92.27572,4.398341,8.615362
719,Cayleigh,56.68635,21.012665,9.7272005,8.510749,12.503073
720,Astrid,45.13432,55.833218,93.66466,63.41792,82.95081
721,Kimberly,47.49012,47.48499,12.357749,56.442196,86.123215
722,Annabelle,44.901302,19.106401,98.127754,94.39211,55.11049
723,Brenda,26.306007,41.2931,36.48466,11.406063,59.189236
724,Itzel,56.69274,25.811226,32.95864,1.0109668,22.264477
725,Stella,49.7386,30.014002,50.468655,57.80824,13.314363
726,Harlow,27.286945,11.036909,82.67353,74.18555,70.41192
727,Aliza,32.239136,58.304398,38.230396,71.86848,32.149883
728,Lyra,25.17271,26.355635,64.64493,40.136234,97.46207
729,Gracen,31.858217,45.956387,24.863823,93.90304,28.009842
730,Jade,26.611065,25.765814,54.18142,28.22229,90.918236
731,Adalee,26.289017,36.884056,34.74209,86.09162,87.015
732,Hadley,46.462505,30.301863,25.01551,3.288928,44.872326
733,Adriana,36.986862,12.406533,56.41309,88.13351,73.20751
734,Yamila,25.781845,23.944868,65.750465,17.153988,58.550663
735,Colette,35.921093,11.138388,16.683268,73.13404,19.774336
736,Isabela,32.116043,38.64732,43.079735,42.314457,22.63777
737,Edie,34.186295,13.772963,91.73592,30.331362,10.434043
738,Karter,21.367289,30.093405,12.199173,40.124607,9.551149
739,Veronica,38.245136,30.543722,82.0487,70.09616,9.554375
740,Alayah,45.644447,15.942731,69.31289,10.760566,70.54146
741,Cassidy,31.974419,17.681662,1.0173826,87.479324,47.184017
742,Aubryn,54.658875,39.87831,55.440998,60.03496,25.991571
743,Zariah,43.684933,37.511276,21.13269,74.02307,5.483271
744,Kaliyah,45.22646,25.547716,82.65608,49.032913,57.362858
745,Aila,35.494843,35.982273,41.057346,42.14391,38.249813
746,Jaelyn,42.48025,31.164698,31.610691,31.557848,27.068497
747,Elia,57.72559,24.64816,92.417755,95.82317,27.62529
748,Taliyah,40.8875,22.959198,90.072784,15.391314,42.771843
749,Gabrielle,39.840996,18.795538,87.9335,73.55148,74.02907
750,Samara,54.767834,22.132969,93.141014,56.796215,18.391045
751,Kamari,28.573503,51.62681,23.973377,88.10015,87.89577
752,Dani,46.951233,25.27676,28.14673,57.429993,48.367527
753,Aleigha,38.119995,13.653269,38.099804,36.223396,0.60052866
754,Navya,44.268803,42.643234,35.762516,97.7121,8.481075
755,Allie,59.92709,19.143175,13.901158,86.84778,74.04018
756,Viola,37.56967,39.778057,57.17357,3.5758903,98.751236
757,Jasmine,29.987577,12.804183,78.22936,57.875343,34.946068
758,Kali,48.613316,39.64524,50.737804,79.54875,64.75408
759,Ella,35.30181,16.424807,39.359386,36.96256,5.837709
760,Laney,32.66566,36.843105,77.59598,77.286964,41.76432
761,Aspyn,32.888466,15.10748,15.388851,49.18936,36.4192
762,Liam,20.982208,11.856748,9.907478,23.978874,96.404655
763,Ansley,58.44561,33.334633,80.11363,10.047472,29.327618
764,Siena,50.88956,44.304253,77.63933,54.424156,71.21569
765,Daniela,34.50631,19.578188,16.426397,93.11119,10.398611
766,Alyssa,44.04432,13.091639,20.282879,2.7069192,91.47004
767,Raegan,59.66686,51.880524,27.01275,25.27785,76.70892
768,Sky,59.11801,15.577473,20.432774,64.27979,74.85834
769,Rosalyn,54.303165,57.519344,51.54045,55.580402,99.541245
770,Alianna,46.06013,32.524754,62.23434,96.122345,15.740548
771,Michelle,38.690723,28.598164,71.02984,26.952648,12.52633
772,Shania,49.799168,20.39533,11.070018,12.105307,17.080915
773,Holland,43.32244,35.700195,60.891132,12.752209,66.99017
774,Violeta,25.912205,10.221753,49.250317,35.508793,54.676304
775,Ruby,48.768276,16.95165,86.34906,8.483868,24.650328
776,Emily,20.367523,35.267403,26.555244,59.696938,36.08829
777,Ellen,36.05352,28.636278,50.854736,92.99944,38.45614
778,Yareli,37.23871,49.31683,47.261654,72.7507,33.932377
779,Cindy,36.765957,12.144014,61.74199,10.507961,49.417145
780,Aaniyah,59.324802,16.081333,78.82451,97.66863,23.285435
781,Ari,53.865036,11.808597,44.27284,13.523538,13.617029
782,Lyanna,44.092022,21.479025,40.469685,52.303112,35.035645
783,Judith,21.492973,42.641266,67.47006,72.32009,7.606417
784,Kylan,28.850887,48.737072,58.663296,42.234627,1.647058
785,Carleigh,53.696514,53.259476,20.671707,8.695501,94.319664
786,Katelyn,50.437008,57.377796,68.04664,86.58894,22.30939
787,Mariana,31.81787,14.952638,17.863024,95.05046,66.302605
788,Brooklynn,52.361145,52.060028,63.54127,1.7821447,12.3125305
789,Calla,37.578743,41.28188,50.74313,14.515579,11.026915
790,Aislynn,30.248491,44.39826,89.2893,82.05363,69.38189
791,Makenzie,35.34434,48.125874,29.859085,52.68262,78.454384
792,Hadleigh,59.2115,18.260082,31.653164,35.71565,31.757265
793,Jolie,58.918545,36.52463,93.51306,95.238625,25.560612
794,Freida,59.162685,15.279863,72.936424,64.30622,77.412445
795,Hensley,35.581043,57.17813,53.45169,12.464937,95.26482
796,Amaya,37.359344,43.991905,23.557434,69.574455,14.411668
797,Esther,41.228912,20.415314,31.419054,37.93705,11.450522
798,Mina,29.245884,50.243317,96.850296,81.994896,48.086277
799,Jaylah,35.932503,16.401707,27.685751,17.38549,26.252687
800,Sarina,20.395945,36.45675,71.92463,58.766907,4.715528
801,Lorelei,20.034105,24.420929,38.113823,95.07119,75.0794
802,Daisy,34.040253,13.11792,92.3798,63.980556,9.3950405
803,Scout,35.456097,51.306297,45.000427,69.114235,14.142257
804,Evangeline,59.82365,49.336605,65.178116,88.544586,0.9106925
805,Anais,56.609634,24.297464,6.1250825,87.31328,80.84748
806,Maliah,59.474792,50.198128,37.8719,38.774326,1.0803145
807,Ayleen,38.079956,27.656544,61.864258,16.621876,90.12342
808,Lucy,24.038197,31.97857,98.21169,15.473023,93.66585
809,Ayla,25.282312,47.153755,71.67713,89.07776,49.03392
810,Cecilia,59.543007,53.150154,94.86705,55.36256,19.81353
811,Arely,50.228607,31.190878,29.534698,6.36428,20.682594
812,Zayla,53.499825,13.007631,70.9098,2.938676,26.016045
813,Jocelynn,54.87757,26.996521,10.246155,86.9377,11.8131485
814,Paige,47.24835,38.3487,68.31913,5.2937064,46.463566
815,Aubrey,32.037964,57.956776,36.399014,57.392536,23.112148
816,Amethyst,38.269653,28.921059,89.593796,44.591972,85.824265
817,Camille,21.073668,56.429832,58.699165,40.785755,22.505789
818,Rosalia,54.87722,29.74278,7.8854313,41.462513,10.15079
819,Araceli,39.23003,39.685482,60.231247,21.521605,42.35382
820,Lena,26.915081,31.921541,93.022606,44.614925,79.267136
821,Josie,58.643833,52.63689,83.13064,42.93395,47.275066
822,Vivienne,22.094328,13.735859,66.609764,76.85144,53.187412
823,Makayla,49.509712,16.573717,23.089615,54.085323,90.859795
824,Yaretzi,43.353123,28.512163,90.10513,4.0477276,67.28147
825,Keiry,50.861916,12.177376,72.55091,64.03709,15.976991
826,Bri,58.998646,31.672262,90.62613,91.95059,9.216274
827,Eliza,20.091589,10.595706,68.10359,82.197395,36.146023
828,Kaelyn,38.389656,11.25519,39.2121,39.25823,90.74475
829,Nalah,56.829334,36.063156,38.860874,53.548714,62.210682
830,Callan,53.963863,36.47155,54.383442,58.91627,52.589905
831,Aubry,33.838814,39.63113,87.42838,21.80059,45.63451
832,Kenia,48.466156,19.693836,90.085175,98.45955,93.7377
833,Estrella,47.495266,15.040852,69.24361,65.68445,44.24897
834,Gracelynn,51.454845,45.15851,67.64918,80.731026,87.45632
835,Kylee,49.348846,28.653078,12.510871,12.222297,89.084785
836,Monserrat,46.572685,35.26922,89.09034,19.857443,93.32244
837,Rosa,50.040134,26.806566,20.50677,21.274302,88.96037
838,Oakley,29.64455,30.580433,3.0630302,13.749833,87.81974
839,Twyla,54.988567,55.70048,12.071302,61.702953,39.422882
840,Vera,52.932587,58.71233,62.42228,25.261002,48.19116
841,Oaklee,30.609983,33.43455,99.3427,41.997425,82.42268
842,Amiah,20.495865,27.981482,7.066049,41.694515,12.343165
843,Kennedy,26.99522,26.71668,41.787567,9.306887,3.210928
844,Juliana,39.16501,31.288677,57.261734,88.87722,38.601418
845,Brianna,52.314423,27.436424,22.962189,21.6639,96.62545
846,Kiana,52.259457,12.813238,39.067627,76.3084,54.569965
847,Mariah,52.17356,39.799812,85.79496,34.96922,65.55831
848,Iliana,48.063965,13.505442,95.20162,20.015514,39.950794
849,Yasmin,30.971285,58.148617,78.18338,57.60117,86.7145
850,Azeneth,27.89707,44.087994,20.682865,38.045338,71.97519
851,Arielle,41.70438,13.217028,18.29816,43.908184,28.315815
852,Selene,44.732086,55.795258,24.007675,47.739677,42.338505
853,Julieta,32.465584,34.77948,24.174932,12.996247,23.298307
854,Riya,57.04519,20.775717,55.33078,7.5401745,94.00446
855,Noemi,55.883015,18.591732,81.55328,10.717931,27.887815
856,Kylie,31.194176,44.88949,77.67419,15.04454,38.170345
857,Fernanda,50.773983,48.926285,38.011246,66.53127,45.768707
858,Madilyn,46.970173,42.8987,12.584229,46.977577,83.66177
859,Liv,58.19638,36.476177,62.94879,42.47928,63.25568
860,Adelia,48.404358,34.82282,94.49715,90.92238,17.176207
861,Myka,21.686216,48.800358,46.22322,97.35144,89.58448
862,Arianna,51.424824,50.016155,88.25532,16.33681,46.671482
863,Patricia,33.07042,46.005493,80.850365,16.644028,90.648315
864,Anika,24.922447,40.073112,89.913795,47.564106,41.24463
865,Kinley,43.15543,20.80708,52.06751,93.786026,50.39937
866,Sonia,49.39286,10.501463,61.86864,26.07995,66.251274
867,Zaylee,28.818102,32.74598,4.557199,24.70325,99.80872
868,Sylvia,38.70292,46.83423,20.055788,55.8649,98.42093
869,Jennifer,52.420734,12.823466,82.34838,67.23586,93.35493
870,Natalya,57.654205,32.97103,53.350758,83.16337,32.51092
871,Haven,58.81591,35.987034,1.7528964,75.25667,66.382545
872,Amanda,35.571243,27.801823,64.99067,71.135,52.021275
873,Marina,51.980778,19.56608,40.877934,34.096497,24.288244
874,Karmen,22.52909,14.52474,80.76245,36.10639,19.079704
875,Victoria,25.656738,10.312315,28.027222,79.189415,28.286032
876,Elodie,42.899567,17.386858,80.68162,64.27629,57.72543
877,Alisa,24.156694,41.877457,46.82763,16.684904,19.930634
878,Belen,58.307785,23.695002,47.7511,47.524384,28.268192
879,Silvia,42.467964,30.04455,37.536327,16.177847,7.765907
880,Aspen,59.155285,59.694386,6.9790645,93.80992,64.769875
881,Dahlia,57.60102,41.24218,40.19134,37.806065,30.887634
882,Maren,35.601234,54.376453,75.18377,44.806942,92.92853
883,Laura,25.894321,20.326387,48.654213,73.347664,26.833387
884,Parker,56.87625,26.317196,92.4426,95.6126,49.5794
885,Althea,59.335922,18.59453,90.22429,45.71902,22.806658
886,Amelie,26.775013,46.408535,81.9024,72.56505,72.43141
887,Tinley,49.502262,24.10226,46.43848,3.10265,22.317219
888,Saanvi,48.422947,25.349602,77.737816,92.73268,72.923706
889,Elinor,45.79003,12.707271,9.575237,45.28234,15.798072
890,Aiyana,26.62133,36.56513,25.280945,29.677752,97.77162
891,Kaya,59.61956,25.940054,64.27201,74.16828,74.07109
892,Charlie,59.175903,46.14434,50.408024,9.500611,67.759056
893,Malaya,51.025936,43.50441,43.340782,32.19832,45.354347
894,Laurel,59.344463,27.940147,57.62127,57.503822,52.23703
895,Tiffany,46.541225,33.06993,17.968836,60.999104,32.30059
896,Riley,30.509176,35.41508,37.590694,13.8045225,10.157169
897,Armani,26.079832,38.2324,98.78021,94.99188,70.22487
898,Malia,53.89334,39.123676,40.217266,8.809114,1.389334
899,Alyvia,32.805958,55.02231,9.123374,31.894447,15.0027485
900,Nylah,44.971714,37.601013,94.03225,99.48377,45.72404
901,Novalee,39.321392,38.77962,54.861835,35.125393,1.1630726
902,Phoenix,50.59802,51.932728,12.074099,86.58302,82.421135
903,Emmerson,29.494146,10.349604,75.64391,46.620007,38.684574
904,Annelise,30.877712,40.688587,28.433132,80.196495,10.078908
905,Dakota,42.064663,22.787523,74.77142,10.610272,93.66412
906,Sloane,23.59509,49.263275,17.931875,95.90769,66.22393
907,Danna,43.26054,44.183475,22.23752,79.7883,93.23844
908,Lakelyn,34.118668,42.360188,48.105236,5.064723,58.4293
909,Alana,51.091198,23.94198,45.302753,32.994537,22.56393
910,Elaina,25.733553,29.248684,64.63672,25.959698,44.897808
911,Elyza,31.801605,24.757019,83.37988,9.022713,71.00814
912,Bria,44.892616,10.492513,24.132423,14.014501,51.45403
913,Alyson,34.30765,20.806158,75.57724,84.02153,65.98133
914,Noah,56.211876,37.92606,20.71055,25.171604,46.352135
915,Toni,36.740707,52.15146,3.3442976,64.98386,27.094461
916,Sanai,32.609215,21.212524,69.08487,29.07515,78.990585
917,Jasmin,52.12776,24.937006,45.510303,91.06748,57.958996
918,Kamiyah,44.76376,17.073778,19.978256,35.78348,73.19373
919,Paris,45.61218,58.32995,18.263247,43.810425,36.35275
920,Chanel,21.099707,50.15732,37.200653,8.1335745,51.735897
921,Cordelia,46.297222,57.945198,34.2193,60.267822,4.439623
922,Crystal,42.22135,40.97258,65.66931,62.171818,2.9020114
923,Maria,59.701664,23.095251,39.29668,93.40579,75.25049
924,Saniya,50.863026,24.62534,15.392479,94.97018,64.62392
925,Berkley,59.950638,53.332993,29.047436,73.27957,30.155611
926,Dalilah,42.021786,47.20968,40.20926,64.35283,35.433437
927,Nadia,38.45567,49.540977,88.874756,57.148094,30.874247
928,Darcy,35.900166,54.91096,34.802334,85.222435,52.757046
929,Lilia,24.280792,55.53794,24.407883,34.60357,80.01927
930,Danielle,25.033276,32.171795,68.492355,3.333883,50.73196
931,Abigail,36.740738,49.136787,81.13377,38.594276,31.741646
932,Yazmin,31.760275,24.411674,4.5467772,17.878662,81.43933
933,Ailani,55.496235,38.582523,50.000034,9.635617,27.324194
934,Giavanna,51.82267,22.765778,75.63253,63.979935,8.588873
935,Annika,51.392906,51.992542,25.116934,12.771914,19.092224
936,Vanessa,32.020638,24.093689,86.15657,11.341829,94.172585
937,Giana,54.37643,33.541553,57.956192,86.42573,19.708372
938,Jaliyah,49.08529,48.816513,45.40228,39.41851,27.049414
939,Jordan,35.103165,11.408327,14.879707,33.26611,57.42524
940,Juliette,38.40497,38.98036,44.72004,6.7600274,57.409943
941,Cambrie,40.70436,57.78464,38.499443,24.712334,85.52515
942,Jayda,49.114864,47.231766,14.174172,16.602217,89.6601
943,Lexie,38.14526,14.456457,54.948154,67.61986,2.7506714
944,Adira,30.132183,52.520325,26.669323,65.69718,57.184715
945,Tatum,22.590197,42.89137,97.0194,14.811331,18.240213
946,Mya,54.892353,47.8093,4.6381016,5.072837,91.47433
947,Christine,25.351519,37.30142,31.167604,23.537,24.298758
948,Alivia,38.91715,52.67266,77.363396,30.076174,79.69842
949,Nyasia,36.106438,53.702137,74.291115,6.4205904,81.979294
950,Kasia,26.481298,38.43024,92.990105,29.210798,23.763248
951,Ryann,35.493263,29.411661,13.643817,14.712631,11.957643
952,Magdalena,48.0871,35.656338,73.10216,94.743126,1.848588
953,Hannah,22.640219,28.206774,57.60815,57.9216,52.295723
954,Royal,30.55379,52.43938,76.62681,7.4920025,7.600783
955,Elliott,34.84298,48.71515,31.009186,57.519524,14.325591
956,Ariah,46.360104,21.659737,19.977045,48.34559,65.011375
957,Paulina,29.865011,53.432278,64.0272,53.190834,8.569871
958,Monroe,45.326317,17.570269,69.082085,75.719376,34.869
959,Liberty,22.900932,29.618845,43.875824,47.469826,62.79985
960,Alani,46.208996,14.707881,48.998844,20.964067,43.333538
961,Guadalupe,47.520947,44.975243,21.612898,14.672413,13.54775
962,Palmer,35.55176,12.525615,40.99104,99.949104,65.064995
963,Kenzy,34.582424,36.772243,78.02697,9.590475,84.562096
964,Angela,59.157196,25.942118,55.7874,44.893013,78.55564
965,Tara,47.126926,41.482864,90.915535,53.293488,63.184856
966,Leanna,26.562899,56.289577,14.482147,71.82104,43.40672
967,Clare,38.64055,21.074429,24.504175,75.98916,71.90934
968,Addison,34.76076,37.040825,3.7027874,93.732315,32.626076
969,Janiyah,36.08892,41.274193,82.889404,50.278034,84.324104
970,Rory,44.137768,13.657954,34.12409,82.43563,94.700645
971,Santana,45.59375,25.234312,36.64065,97.09405,5.185605
972,Amiracle,52.147385,16.750385,75.80234,82.08339,11.265924
973,Addisyn,39.383144,30.8472,70.60397,72.61823,86.64747
974,Raleigh,40.326664,28.154638,43.7917,22.834396,5.3072023
975,Adelyn,39.09919,38.45565,37.97364,2.074206,84.63461
976,Aranza,22.121227,13.11121,61.023968,61.05703,11.504835
977,Laniyah,33.647495,40.718006,51.802433,70.43737,87.34284
978,Nathalie,28.499826,37.906555,68.07686,22.10631,61.31587
979,Laynie,57.11716,42.095726,59.42961,18.896969,64.0109
980,Adelynn,55.86337,17.131498,82.162704,70.0137,82.368385
981,Priscilla,20.716465,12.706716,17.935276,40.248062,85.29121
982,Davina,23.896677,50.424603,8.071893,58.09141,3.039544
983,Sarai,20.20785,17.266872,98.07854,28.73539,2.8207178
984,Maisie,23.43613,17.695702,22.97022,39.463936,98.029106
985,Finlee,46.095085,37.765358,24.18353,21.655092,84.53773
986,Azariah,42.56648,25.629774,74.461845,94.74253,77.14795
987,Lilyanna,29.933296,27.760588,65.273636,64.27955,38.953705
988,Jacqueline,22.583725,58.61259,87.02351,89.4252,92.55041
989,Elin,43.114273,59.446274,39.16618,21.803991,40.603653
990,Lilli,20.934578,19.423162,28.254726,66.56153,64.96372
991,Liz,45.151867,33.68224,9.388664,99.393036,53.193417
992,Liz,45.151867,33.68224,9.388664,99.393036,53.193417
993,Bexleigh,38.557964,22.926876,72.13277,40.524235,60.4138
994,Kaydence,21.297665,14.811762,15.297081,85.35371,12.212162
995,Johanna,37.464237,17.790407,70.57303,98.56164,33.129097
996,Devyn,52.640545,17.703743,38.02488,83.79679,55.021782
997,Lucille,28.456709,54.493607,55.73758,35.521893,58.43035
998,Neveah,48.277927,37.997375,81.291046,37.048534,80.908936
999,Haddie,24.322836,33.657436,74.65878,28.221436,58.510395
1000,Gloria,38.439877,12.367375,0.070692666,23.20795,55.918705
